retailer,productNo,verdict,officialNameKr,officialCategoryPath,listingForm,hasOptionUi,saleStatus,evidenceUrl,observedAt,note,priorListingType
daiso,1061918,hold,[기미잡티리셋]본셉 비타씨 동결 건조 더블샷 앰플 키트,BH_CTGR_00087,single_option,false,,https://www.daisomall.co.kr/pd/pdr/SCR_PDR_0001?pdNo=1061918,2026-09-26T06:15:24Z,키트(파우더+베이스 2제형). 판매 구성은 하나지만 정책의 '혼합 세트·키트' 제외에 걸리는지 판단 필요,kit_unverified
daiso,1055168,single_confirmed,본셉 레티놀 2500 IU 링클샷 퍼펙터 15 ml,BH_CTGR_00088,single_option,false,,https://www.daisomall.co.kr/pd/pdr/SCR_PDR_0001?pdNo=1055168,2026-09-26T06:15:24Z,,single
daiso,1083992,single_confirmed,[톤온광채]VT PDRN 톤온 젤리 에센스 50 ml,,single_option,false,,https://www.daisomall.co.kr/pd/pdr/SCR_PDR_0001?pdNo=1083992,2026-09-26T06:15:24Z,,single
daiso,1067495,single_confirmed,[퀵 수분충전]VT PDRN 광채 토너 200 ml,BH_CTGR_00086,single_option,false,,https://www.daisomall.co.kr/pd/pdr/SCR_PDR_0001?pdNo=1067495,2026-09-26T06:15:24Z,,single
daiso,1066897,single_confirmed,[촉촉윤광]퍼피 촉촉쿠션 통퍼프,BH_CTGR_00149,single_option,false,,https://www.daisomall.co.kr/pd/pdr/SCR_PDR_0001?pdNo=1066897,2026-09-26T06:15:24Z,,single
daiso,1068858,single_confirmed,메디필 멜라논엑스 기미크림 30 ml,BH_CTGR_00088,single_option,false,,https://www.daisomall.co.kr/pd/pdr/SCR_PDR_0001?pdNo=1068858,2026-09-26T06:15:24Z,,single
daiso,1034517,single_confirmed,에그 캡슐 팩,BH_CTGR_00096,single_option,false,,https://www.daisomall.co.kr/pd/pdr/SCR_PDR_0001?pdNo=1034517,2026-09-26T06:15:24Z,,single
daiso,1044553,single_confirmed,마데카21 테카 솔루션 수딩 미스트 토너 200 ml,BH_CTGR_00092,single_option,false,,https://www.daisomall.co.kr/pd/pdr/SCR_PDR_0001?pdNo=1044553,2026-09-26T06:15:25Z,,single
daiso,1018161,single_confirmed,팩미인 하이드로겔 브이 마스크팩,BH_CTGR_00100,single_option,false,,https://www.daisomall.co.kr/pd/pdr/SCR_PDR_0001?pdNo=1018161,2026-09-26T06:15:25Z,,single
daiso,1061529,single_confirmed,바이 리얼베리어 세라베이스 카밍 모이스처라이징 크림 50 ml,BH_CTGR_00088,single_option,false,,https://www.daisomall.co.kr/pd/pdr/SCR_PDR_0001?pdNo=1061529,2026-09-26T06:15:25Z,,single
daiso,1072420,single_confirmed,SNP 프렙 팔자 주름패치 12개입,BH_CTGR_00102,single_option,false,,https://www.daisomall.co.kr/pd/pdr/SCR_PDR_0001?pdNo=1072420,2026-09-26T06:15:25Z,"12개입 = 패치 한 팩의 내용량, 동일 제품 다입이 아니다",single
daiso,1066900,single_confirmed,[광채물먹]퍼피 광채쿠션 워터퍼프,BH_CTGR_00149,single_option,false,,https://www.daisomall.co.kr/pd/pdr/SCR_PDR_0001?pdNo=1066900,2026-09-26T06:15:25Z,,single
daiso,1070654,single_confirmed,모다모다 블루비오틴 스칼프샴푸 300 ml,BH_CTGR_00185,single_option,false,,https://www.daisomall.co.kr/pd/pdr/SCR_PDR_0001?pdNo=1070654,2026-09-26T06:15:25Z,,single
daiso,1083259,single_confirmed,[속수분충전]마미케어 바다포도 마스크 1매입,,single_option,false,,https://www.daisomall.co.kr/pd/pdr/SCR_PDR_0001?pdNo=1083259,2026-09-26T06:15:26Z,"1매입 = 낱장 1매, 동일 제품 다입이 아니다",single
daiso,1059832,single_confirmed,셀더마데일리 트랜스포밍 아줄렌카밍 마스크 28 g,BH_CTGR_00094,single_option,false,,https://www.daisomall.co.kr/pd/pdr/SCR_PDR_0001?pdNo=1059832,2026-09-26T06:15:26Z,,single
daiso,1079291,single_confirmed,후시덤 베리어 리페어 SOS크림 40 ml,BH_CTGR_00088,single_option,false,,https://www.daisomall.co.kr/pd/pdr/SCR_PDR_0001?pdNo=1079291,2026-09-26T06:15:26Z,,single
daiso,1013816,hold,휴대용 UV/LED 램프 9구,,single_option,false,,https://www.daisomall.co.kr/pd/pdr/SCR_PDR_0001?pdNo=1013816,2026-09-26T06:15:26Z,휴대용 UV/LED 램프 — 미용기기. 정책상 '미용기기는 확인 전 보류',single
daiso,1055167,single_confirmed,본셉 레티놀 500 IU 세럼 30 ml,BH_CTGR_00087,single_option,false,,https://www.daisomall.co.kr/pd/pdr/SCR_PDR_0001?pdNo=1055167,2026-09-26T06:15:26Z,,single
daiso,1060644,single_confirmed,더랩 바이 블랑두 클리어 히알 물광 부스터 앰플 30 ml,BH_CTGR_00087,single_option,false,,https://www.daisomall.co.kr/pd/pdr/SCR_PDR_0001?pdNo=1060644,2026-09-26T06:15:26Z,,single
daiso,1042619,single_confirmed,셀더마데일리 콜라겐 에센스겔 마스크 29 g,BH_CTGR_00094,single_option,false,,https://www.daisomall.co.kr/pd/pdr/SCR_PDR_0001?pdNo=1042619,2026-09-26T06:15:27Z,,single
daiso,1067498,single_confirmed,[영양광채]VT PDRN 광채 크림 50 ml,BH_CTGR_00088,single_option,false,,https://www.daisomall.co.kr/pd/pdr/SCR_PDR_0001?pdNo=1067498,2026-09-26T06:15:27Z,,single
daiso,1076110,single_confirmed,정직한실험실 엑스퍼트 너리싱 헤어마스크 250 ml,,single_option,false,,https://www.daisomall.co.kr/pd/pdr/SCR_PDR_0001?pdNo=1076110,2026-09-26T06:15:27Z,,single
daiso,1075033,single_confirmed,[모공쫀쫀]마미케어 바다포도 모공세럼 30 ml,BH_CTGR_00087,single_option,false,,https://www.daisomall.co.kr/pd/pdr/SCR_PDR_0001?pdNo=1075033,2026-09-26T06:15:27Z,,single
daiso,1044554,single_confirmed,마데카21 테카 솔루션 수딩 크림 50 ml,BH_CTGR_00088,single_option,false,,https://www.daisomall.co.kr/pd/pdr/SCR_PDR_0001?pdNo=1044554,2026-09-26T06:15:27Z,,single
daiso,1076691,single_confirmed,김정문알로에 라센스 로에 큐어 인텐시브 2x 크림 3.5 g,BH_CTGR_00088,single_option,false,,https://www.daisomall.co.kr/pd/pdr/SCR_PDR_0001?pdNo=1076691,2026-09-26T06:15:27Z,,single
daiso,58597,single_confirmed,녹차 기름종이 110매(티슈형),BH_CTGR_00161,single_option,false,,https://www.daisomall.co.kr/pd/pdr/SCR_PDR_0001?pdNo=58597,2026-09-26T06:15:28Z,110매 = 기름종이 한 갑의 내용량. 정책이 기름종이를 미용 도구로 명시,single
