retailer,productNo,verdict,officialNameKr,officialCategoryPath,listingForm,hasOptionUi,priceCurrent,priceList,saleStatus,evidenceUrl,observedAt,note,priorListingType
olive_young,A000000225217,single_confirmed,더마팩토리 나이아신아마이드 20% 세럼 30ml,스킨케어 > 에센스/세럼/앰플,fixed_configuration,false,"5,700원","6,000원",,https://www.oliveyoung.co.kr/store/goods/getGoodsDetail.do?goodsNo=A000000225217,2026-09-26T00:00:00Z,수량 조절만 있고 옵션 선택 없음,single
olive_young,A000000223625,single_confirmed,디오디너리 [각질쓱싹/대용량] 디오디너리 글리코릭 애시드 7% 엑스폴리에이팅 토너 240ml,스킨케어 > 스킨/토너,fixed_configuration,false,704원,"16,900원",,https://www.oliveyoung.co.kr/store/goods/getGoodsDetail.do?goodsNo=A000000223625,2026-09-26T06:16:51.804Z,수량 조절만 있고 옵션 선택 없음,single
olive_young,A000000198320,single_confirmed,에스트라 [올영 어워즈 1등 크림] 에스트라 아토베리어365 크림 80ml,스킨케어 > 크림,fixed_configuration,false,"29,700원","33,000원",,https://www.oliveyoung.co.kr/store/goods/getGoodsDetail.do?goodsNo=A000000198320,2026-09-26T06:16:56.549Z,수량 조절만 있고 옵션 선택 없음,single
olive_young,A000000158615,single_confirmed,디오디너리 [트러블모공] 디오디너리 나이아신아마이드 10% + 징크 1% 60ml,스킨케어 > 에센스/세럼/앰플,fixed_configuration,false,"2,617원","15,700원",,https://www.oliveyoung.co.kr/store/goods/getGoodsDetail.do?goodsNo=A000000158615,2026-09-26T06:17:01.237Z,수량 조절만 있고 옵션 선택 없음,single
olive_young,A000000262618,hold,아누아 [9월 올영픽/산리오캐릭터즈 콜라보] 아누아 어성초 77 히알루론산 수분 진정 토너 500ml 기획 (+포차코 스티커),스킨케어 > 스킨/토너,fixed_configuration,false,"26,500원","45,000원",,https://www.oliveyoung.co.kr/store/goods/getGoodsDetail.do?goodsNo=A000000262618,2026-09-26T06:17:05.939Z,본품 500ml + 포차코 스티커 증정. 증정품을 '혼합 세트'로 볼지 판단 필요,single
olive_young,A000000198780,not_single,리터니티 [인씨PICK/원조율무팩] 리터니티 율무 요철모공 팩 120g 기획세트,마스크팩 > 페이셜팩 > 워시오프팩,fixed_configuration,false,"25,900원","34,000원",,https://www.oliveyoung.co.kr/store/goods/getGoodsDetail.do?goodsNo=A000000198780,2026-09-26T06:17:10.609Z,상품명이 기획세트,bundle_unverified
olive_young,A000000248829,not_single,이옴 [트러블스케일링/최예나PICK] 이옴 트러블 패치 마스크 3매,마스크팩 > 시트팩 > 시트 > 마스크,option_page,true,"7,000원","21,000원",,https://www.oliveyoung.co.kr/store/goods/getGoodsDetail.do?goodsNo=A000000248829,2026-09-26T06:17:15.264Z,상세에 '옵션을 선택해 주세요' + 가격 '~',option_price_unverified
olive_young,A000000232067,single_confirmed,셀라딕스 셀라딕스 트러블 클리어 약산성 131 젤클렌저 200ml,클렌징 > 클렌징폼/젤,fixed_configuration,false,"17,640원","19,600원",,https://www.oliveyoung.co.kr/store/goods/getGoodsDetail.do?goodsNo=A000000232067,2026-09-26T06:17:19.940Z,수량 조절만 있고 옵션 선택 없음,single
olive_young,A000000145581,single_confirmed,라곰 [수분민감] 라곰 셀럽 마이크로 폼 클렌저 120ml,클렌징 > 클렌징폼/젤,fixed_configuration,false,"13,500원","15,000원",,https://www.oliveyoung.co.kr/store/goods/getGoodsDetail.do?goodsNo=A000000145581,2026-09-26T06:17:24.636Z,수량 조절만 있고 옵션 선택 없음,single
olive_young,A000000107679,single_confirmed,마녀공장 마녀공장 퓨어 소이빈 클렌징 오일 200ml,클렌징 > 오일/밤 > 클렌징오일,fixed_configuration,false,"15,500원","19,900원",,https://www.oliveyoung.co.kr/store/goods/getGoodsDetail.do?goodsNo=A000000107679,2026-09-26T06:17:29.305Z,수량 조절만 있고 옵션 선택 없음,single
olive_young,A000000265712,single_confirmed,아타가 [뽀용톤업/밀착커버] 아타가 스노우 선세럼 30ml,선케어 > 선크림,fixed_configuration,false,"24,900원","34,900원",,https://www.oliveyoung.co.kr/store/goods/getGoodsDetail.do?goodsNo=A000000265712,2026-09-26T06:17:33.993Z,수량 조절만 있고 옵션 선택 없음,single
olive_young,A000000139063,not_single,정샘물 [미니쿠션 증정] 정샘물 에센셜 스킨 누더 쿠션 한정 기획,메이크업 > 베이스메이크업 > 쿠션,option_page,true,"38,400원","48,000원",,https://www.oliveyoung.co.kr/store/goods/getGoodsDetail.do?goodsNo=A000000139063,2026-09-26T06:17:38.673Z,상세에 '옵션을 선택해 주세요' + 가격 '~',option_price_unverified
olive_young,A000000243859,not_single,얼터너티브스테레오 [NEW카라멜증정]얼터너티브스테레오 무드 레이어 스틱 크레용 1.4g,메이크업 > 립메이크업 > 립라이너,option_page,true,"14,400원","16,000원",,https://www.oliveyoung.co.kr/store/goods/getGoodsDetail.do?goodsNo=A000000243859,2026-09-26T06:17:43.385Z,상세에 '옵션을 선택해 주세요' + 가격 '~',option_price_unverified
olive_young,A000000234394,not_single,얼터너티브스테레오 [NEW/단독선런칭] 얼터너티브스테레오 립 포션 카라멜 글레이즈 8ml,메이크업 > 립메이크업 > 립틴트,option_page,true,"17,100원","19,000원",,https://www.oliveyoung.co.kr/store/goods/getGoodsDetail.do?goodsNo=A000000234394,2026-09-26T06:17:48.073Z,상세에 '옵션을 선택해 주세요' + 가격 '~',option_price_unverified
olive_young,A000000180532,not_single,웨이크메이크 [레오파드 헬로키티]웨이크메이크 소프트 블러링 아이팔레트(단품),메이크업 > 아이메이크업 > 아이섀도우,option_page,true,"23,800원","34,000원",,https://www.oliveyoung.co.kr/store/goods/getGoodsDetail.do?goodsNo=A000000180532,2026-09-26T06:17:52.775Z,상세에 '옵션을 선택해 주세요' + 가격 '~',option_price_unverified
olive_young,A000000233171,not_single,비디비치 [7일특가/신상 파운데이션 증정] 비디비치 블랙 퍼펙션 커버 핏 쿠션,메이크업 > 베이스메이크업 > 쿠션,option_page,true,"35,910원","46,000원",,https://www.oliveyoung.co.kr/store/goods/getGoodsDetail.do?goodsNo=A000000233171,2026-09-26T06:17:57.466Z,상세에 '옵션을 선택해 주세요' + 가격 '~',option_price_unverified
