retailer,productNo,priorListingType,priorDecision,checkReason,brand,nameKr,url
daiso,1061918,kit_unverified,include_proposed,hold_needs_detail,,[기미잡티리셋]본셉 비타씨 동결 건조 더블샷 앰플 키트,https://www.daisomall.co.kr/ds/rank/C105
daiso,1055168,single,include_proposed,single_candidate,,본셉 레티놀 2500 IU 링클샷 퍼펙터 15 ml,https://www.daisomall.co.kr/ds/rank/C105
daiso,1083992,single,include_proposed,single_candidate,,[톤온광채]VT PDRN 톤온 젤리 에센스 50 ml,https://www.daisomall.co.kr/ds/rank/C105
daiso,1067495,single,include_proposed,single_candidate,,[퀵 수분충전]VT PDRN 광채 토너 200 ml,https://www.daisomall.co.kr/ds/rank/C105
daiso,1066897,single,owner_decision,single_candidate,,[촉촉윤광]퍼피 촉촉쿠션 통퍼프,https://www.daisomall.co.kr/ds/rank/C105
daiso,1068858,single,include_proposed,single_candidate,,메디필 멜라논엑스 기미크림 30 ml,https://www.daisomall.co.kr/ds/rank/C105
daiso,1034517,single,include_proposed,single_candidate,,에그 캡슐 팩,https://www.daisomall.co.kr/ds/rank/C105
daiso,1044553,single,include_proposed,single_candidate,,마데카21 테카 솔루션 수딩 미스트 토너 200 ml,https://www.daisomall.co.kr/ds/rank/C105
daiso,1018161,single,include_proposed,single_candidate,,팩미인 하이드로겔 브이 마스크팩,https://www.daisomall.co.kr/ds/rank/C105
daiso,1061529,single,include_proposed,single_candidate,,바이 리얼베리어 세라베이스 카밍 모이스처라이징 크림 50 ml,https://www.daisomall.co.kr/ds/rank/C105
daiso,1072420,single,include_proposed,single_candidate,,SNP 프렙 팔자 주름패치 12개입,https://www.daisomall.co.kr/ds/rank/C105
daiso,1066900,single,owner_decision,single_candidate,,[광채물먹]퍼피 광채쿠션 워터퍼프,https://www.daisomall.co.kr/ds/rank/C105
daiso,1070654,single,owner_decision,single_candidate,,모다모다 블루비오틴 스칼프샴푸 300 ml,https://www.daisomall.co.kr/ds/rank/C105
daiso,1083259,single,include_proposed,single_candidate,,[속수분충전]마미케어 바다포도 마스크 1매입,https://www.daisomall.co.kr/ds/rank/C105
daiso,1059832,single,include_proposed,single_candidate,,셀더마데일리 트랜스포밍 아줄렌카밍 마스크 28 g,https://www.daisomall.co.kr/ds/rank/C105
daiso,1079291,single,include_proposed,single_candidate,,후시덤 베리어 리페어 SOS크림 40 ml,https://www.daisomall.co.kr/ds/rank/C105
daiso,1013816,single,owner_decision,single_candidate,,휴대용 UV/LED 램프 9구,https://www.daisomall.co.kr/ds/rank/C105
daiso,1055167,single,include_proposed,single_candidate,,본셉 레티놀 500 IU 세럼 30 ml,https://www.daisomall.co.kr/ds/rank/C105
daiso,1060644,single,include_proposed,single_candidate,,더랩 바이 블랑두 클리어 히알 물광 부스터 앰플 30 ml,https://www.daisomall.co.kr/ds/rank/C105
daiso,1042619,single,include_proposed,single_candidate,,셀더마데일리 콜라겐 에센스겔 마스크 29 g,https://www.daisomall.co.kr/ds/rank/C105
daiso,1067498,single,include_proposed,single_candidate,,[영양광채]VT PDRN 광채 크림 50 ml,https://www.daisomall.co.kr/ds/rank/C105
daiso,1076110,single,owner_decision,single_candidate,,정직한실험실 엑스퍼트 너리싱 헤어마스크 250 ml,https://www.daisomall.co.kr/ds/rank/C105
daiso,1075033,single,include_proposed,single_candidate,,[모공쫀쫀]마미케어 바다포도 모공세럼 30 ml,https://www.daisomall.co.kr/ds/rank/C105
daiso,1044554,single,include_proposed,single_candidate,,마데카21 테카 솔루션 수딩 크림 50 ml,https://www.daisomall.co.kr/ds/rank/C105
daiso,1076691,single,include_proposed,single_candidate,,김정문알로에 라센스 로에 큐어 인텐시브 2x 크림 3.5 g,https://www.daisomall.co.kr/ds/rank/C105
daiso,58597,single,owner_decision,single_candidate,,녹차 기름종이 110매(티슈형),https://www.daisomall.co.kr/ds/rank/C105
olive_young,A000000225217,single,include_proposed,single_candidate,더마팩토리,더마팩토리 나이아신아마이드 20% 세럼 30ml,https://www.oliveyoung.co.kr/store/main/getBestList.do?dispCatNo=900000100100001&fltDispCatNo=10000010001
olive_young,A000000223625,single,include_proposed,single_candidate,디오디너리,[각질쓱싹/대용량] 디오디너리 글리코릭 애시드 7% 엑스폴리에이팅 토너 240ml,https://www.oliveyoung.co.kr/store/main/getBestList.do?dispCatNo=900000100100001&fltDispCatNo=10000010001
olive_young,A000000198320,single,include_proposed,single_candidate,에스트라,[올영 어워즈 1등 크림] 에스트라 아토베리어365 크림 80ml,https://www.oliveyoung.co.kr/store/main/getBestList.do?dispCatNo=900000100100001&fltDispCatNo=10000010001
olive_young,A000000158615,single,include_proposed,single_candidate,디오디너리,[트러블모공] 디오디너리 나이아신아마이드 10% + 징크 1% 60ml,https://www.oliveyoung.co.kr/store/main/getBestList.do?dispCatNo=900000100100001&fltDispCatNo=10000010001
olive_young,A000000262618,single,include_proposed,single_candidate,아누아,[9월 올영픽/산리오캐릭터즈 콜라보] 아누아 어성초 77 히알루론산 수분 진정 토너 500ml 기획 (+포차코 스티커),https://www.oliveyoung.co.kr/store/main/getBestList.do?dispCatNo=900000100100001&fltDispCatNo=10000010001
olive_young,A000000198780,bundle_unverified,owner_decision,hold_needs_detail,리터니티,[인씨PICK/원조율무팩] 리터니티 율무 요철모공 팩 120g 기획세트,https://www.oliveyoung.co.kr/store/main/getBestList.do?dispCatNo=900000100100001&fltDispCatNo=10000010009
olive_young,A000000248829,option_price_unverified,include_proposed,hold_needs_detail,이옴,[트러블스케일링/최예나PICK] 이옴 트러블 패치 마스크 3매,https://www.oliveyoung.co.kr/store/main/getBestList.do?dispCatNo=900000100100001&fltDispCatNo=10000010009
olive_young,A000000232067,single,include_proposed,single_candidate,셀라딕스,셀라딕스 트러블 클리어 약산성 131 젤클렌저 200ml,https://www.oliveyoung.co.kr/store/main/getBestList.do?dispCatNo=900000100100001&fltDispCatNo=10000010010
olive_young,A000000145581,single,include_proposed,single_candidate,라곰,[수분민감] 라곰 셀럽 마이크로 폼 클렌저 120ml,https://www.oliveyoung.co.kr/store/main/getBestList.do?dispCatNo=900000100100001&fltDispCatNo=10000010010
olive_young,A000000107679,single,include_proposed,single_candidate,마녀공장,마녀공장 퓨어 소이빈 클렌징 오일 200ml,https://www.oliveyoung.co.kr/store/main/getBestList.do?dispCatNo=900000100100001&fltDispCatNo=10000010010
olive_young,A000000265712,single,include_proposed,single_candidate,아타가,[뽀용톤업/밀착커버] 아타가 스노우 선세럼 30ml,https://www.oliveyoung.co.kr/store/main/getBestList.do?dispCatNo=900000100100001&fltDispCatNo=10000010011
olive_young,A000000139063,option_price_unverified,include_proposed,hold_needs_detail,정샘물,[미니쿠션 증정] 정샘물 에센셜 스킨 누더 쿠션 한정 기획,https://www.oliveyoung.co.kr/store/main/getBestList.do?dispCatNo=900000100100001&fltDispCatNo=10000010002
olive_young,A000000243859,option_price_unverified,include_proposed,hold_needs_detail,얼터너티브스테레오,[NEW카라멜증정]얼터너티브스테레오 무드 레이어 스틱 크레용 1.4g,https://www.oliveyoung.co.kr/store/main/getBestList.do?dispCatNo=900000100100001&fltDispCatNo=10000010002
olive_young,A000000234394,option_price_unverified,include_proposed,hold_needs_detail,얼터너티브스테레오,[NEW/단독선런칭] 얼터너티브스테레오 립 포션 카라멜 글레이즈 8ml,https://www.oliveyoung.co.kr/store/main/getBestList.do?dispCatNo=900000100100001&fltDispCatNo=10000010002
olive_young,A000000180532,option_price_unverified,include_proposed,hold_needs_detail,웨이크메이크,[레오파드 헬로키티]웨이크메이크 소프트 블러링 아이팔레트(단품),https://www.oliveyoung.co.kr/store/main/getBestList.do?dispCatNo=900000100100001&fltDispCatNo=10000010002
olive_young,A000000233171,option_price_unverified,include_proposed,hold_needs_detail,비디비치,[7일특가/신상 파운데이션 증정] 비디비치 블랙 퍼펙션 커버 핏 쿠션,https://www.oliveyoung.co.kr/store/main/getBestList.do?dispCatNo=900000100100001&fltDispCatNo=10000010002
