id,brand,store_name,address,district,source_url,collected_at
kr-daiso-63be86e9f1bfaa59,다이소,강남구청역점,서울특별시 강남구 학동로 지하 346 (삼성동),강남구,https://www.daisomall.co.kr/ms/msg/SCR_MSG_0019,2026-09-18
kr-daiso-d5261efcd1b81b20,다이소,강남세곡점,서울특별시 강남구 헌릉로569길 21-36 (세곡동),강남구,https://www.daisomall.co.kr/ms/msg/SCR_MSG_0019,2026-09-18
kr-daiso-3ba697215a79e9e4,다이소,강남역2호점,서울특별시 강남구 테헤란로 109 (역삼동),강남구,https://www.daisomall.co.kr/ms/msg/SCR_MSG_0019,2026-09-18
kr-daiso-5b70bb3cd0ac972a,다이소,강남역점,서울특별시 강남구 강남대로 422 (역삼동),강남구,https://www.daisomall.co.kr/ms/msg/SCR_MSG_0019,2026-09-18
kr-daiso-6a6b09ab17acf3d6,다이소,개포동점,서울특별시 강남구 선릉로 30 (개포동),강남구,https://www.daisomall.co.kr/ms/msg/SCR_MSG_0019,2026-09-18
kr-daiso-5255fceb8ac3b3c4,다이소,고객사랑마트포이점,서울특별시 강남구 논현로10길 29 (개포동),강남구,https://www.daisomall.co.kr/ms/msg/SCR_MSG_0019,2026-09-18
kr-daiso-2970b5b258958ede,다이소,대치역사거리점,서울특별시 강남구 삼성로 155 (대치동),강남구,https://www.daisomall.co.kr/ms/msg/SCR_MSG_0019,2026-09-18
kr-daiso-a7ac70abb0a2cd5c,다이소,도곡점,서울특별시 강남구 도곡로 188 (도곡동),강남구,https://www.daisomall.co.kr/ms/msg/SCR_MSG_0019,2026-09-18
kr-daiso-b45dbb4aa8cac757,다이소,매봉역점,서울 강남구 남부순환로 2748,강남구,https://www.daisomall.co.kr/ms/msg/SCR_MSG_0019,2026-09-18
kr-daiso-6526365a56c3fb38,다이소,선릉점,서울특별시 강남구 테헤란로 414 (대치동),강남구,https://www.daisomall.co.kr/ms/msg/SCR_MSG_0019,2026-09-18
kr-daiso-b5e9d7ec2f259716,다이소,신사가로수길점,서울특별시 강남구 가로수길 25 (신사동),강남구,https://www.daisomall.co.kr/ms/msg/SCR_MSG_0019,2026-09-18
kr-daiso-421f725305001c1b,다이소,신사역점,서울특별시 강남구 강남대로 606 (논현동),강남구,https://www.daisomall.co.kr/ms/msg/SCR_MSG_0019,2026-09-18
kr-daiso-904fded209fe200e,다이소,압구정역점,서울특별시 강남구 논현로 878 (신사동),강남구,https://www.daisomall.co.kr/ms/msg/SCR_MSG_0019,2026-09-18
kr-daiso-7a8599c07816bae8,다이소,영동프라자점,서울특별시 강남구 강남대로128길 20 (논현동),강남구,https://www.daisomall.co.kr/ms/msg/SCR_MSG_0019,2026-09-18
kr-daiso-f677a2aca691d70d,다이소,일원역점,서울특별시 강남구 일원로 115(일원동),강남구,https://www.daisomall.co.kr/ms/msg/SCR_MSG_0019,2026-09-18
kr-daiso-798c57530e536c56,다이소,청담도산공원점,서울특별시 강남구 도산대로49길 9 (신사동),강남구,https://www.daisomall.co.kr/ms/msg/SCR_MSG_0019,2026-09-18
kr-daiso-ed600e5e3aa29db5,다이소,코엑스몰점,서울특별시 강남구 봉은사로 524 (삼성동),강남구,https://www.daisomall.co.kr/ms/msg/SCR_MSG_0019,2026-09-18
kr-daiso-5465d5910349db3f,다이소,한티역점,서울특별시 강남구 선릉로 227(도곡동),강남구,https://www.daisomall.co.kr/ms/msg/SCR_MSG_0019,2026-09-18
kr-daiso-366a0d7174b5edba,다이소,고덕점,서울특별시 강동구 동남로75길 13-7 (명일동),강동구,https://www.daisomall.co.kr/ms/msg/SCR_MSG_0019,2026-09-18
kr-daiso-2785d3ae44903046,다이소,길동점,서울특별시 강동구 양재대로 1490 (길동),강동구,https://www.daisomall.co.kr/ms/msg/SCR_MSG_0019,2026-09-18
kr-daiso-b238901a735cd3cf,다이소,둔촌동역점,서울특별시 강동구 양재대로 1355 (성내동),강동구,https://www.daisomall.co.kr/ms/msg/SCR_MSG_0019,2026-09-18
kr-daiso-58cf126f38afdb19,다이소,상일동역점,"서울특별시 강동구 고덕로 399 (고덕동, 고덕센트럴푸르지오)",강동구,https://www.daisomall.co.kr/ms/msg/SCR_MSG_0019,2026-09-18
kr-daiso-23d59988b316ed1c,다이소,암사역점,서울특별시 강동구 올림픽로 779 (암사동),강동구,https://www.daisomall.co.kr/ms/msg/SCR_MSG_0019,2026-09-18
kr-daiso-77ed1c520a07c153,다이소,이마트고덕점,서울특별시 강동구 고덕비즈밸리로 51 (고덕동),강동구,https://www.daisomall.co.kr/ms/msg/SCR_MSG_0019,2026-09-18
kr-daiso-cf8d802444aab18a,다이소,이마트천호점,서울특별시 강동구 천호대로 1017 (천호동),강동구,https://www.daisomall.co.kr/ms/msg/SCR_MSG_0019,2026-09-18
kr-daiso-2fb9451bd2c66839,다이소,이스턴스퀘어강동천호점,"서울특별시 강동구 올림픽로78길 60 (천호동, 강동 밀레니얼 중흥S-클래스)",강동구,https://www.daisomall.co.kr/ms/msg/SCR_MSG_0019,2026-09-18
kr-daiso-2eeccfc728192865,다이소,천호본점,서울특별시 강동구 천호대로 1012 (성내동),강동구,https://www.daisomall.co.kr/ms/msg/SCR_MSG_0019,2026-09-18
kr-daiso-5de4cc92cb603f66,다이소,하나로마트고덕점,"서울특별시 강동구 아리수로50길 50 (고덕동, 래미안힐스테이트고덕)",강동구,https://www.daisomall.co.kr/ms/msg/SCR_MSG_0019,2026-09-18
kr-daiso-b54ed2b906cbda4d,다이소,하나로마트성내점,서울특별시 강동구 올림픽로 528(성내동),강동구,https://www.daisomall.co.kr/ms/msg/SCR_MSG_0019,2026-09-18
kr-daiso-e4199a4362118e1d,다이소,홈플러스강동점,서울 강동구 양재대로 1571,강동구,https://www.daisomall.co.kr/ms/msg/SCR_MSG_0019,2026-09-18
kr-daiso-6a5bcd9cca954b68,다이소,e에브리데이둔촌포레온점,"서울특별시 강동구 양재대로 1300 (둔촌동, 올림픽파크포레온)",강동구,https://www.daisomall.co.kr/ms/msg/SCR_MSG_0019,2026-09-18
kr-daiso-53061e2040542191,다이소,GS슈퍼둔촌점,서울특별시 강동구 양재대로 1360 (둔촌동),강동구,https://www.daisomall.co.kr/ms/msg/SCR_MSG_0019,2026-09-18
kr-daiso-9e513e4526c5e226,다이소,GS슈퍼명일점,서울특별시 강동구 양재대로 1630 (명일동),강동구,https://www.daisomall.co.kr/ms/msg/SCR_MSG_0019,2026-09-18
kr-daiso-300d5b77d64336d4,다이소,강북구청사거리점,서울특별시 강북구 한천로 1038 (수유동),강북구,https://www.daisomall.co.kr/ms/msg/SCR_MSG_0019,2026-09-18
kr-daiso-7696670df00a3e07,다이소,대지시장점,서울특별시 강북구 솔샘로 239 (미아동),강북구,https://www.daisomall.co.kr/ms/msg/SCR_MSG_0019,2026-09-18
kr-daiso-b9df45ae219afbfc,다이소,롯데마트삼양점,서울특별시 강북구 삼양로 247 (미아동),강북구,https://www.daisomall.co.kr/ms/msg/SCR_MSG_0019,2026-09-18
kr-daiso-2f85b4e81e55648c,다이소,미아사거리점,서울특별시 강북구 월계로 3 (미아동),강북구,https://www.daisomall.co.kr/ms/msg/SCR_MSG_0019,2026-09-18
kr-daiso-2858ced56a548d1b,다이소,미아역점,서울특별시 강북구 도봉로 147 (미아동),강북구,https://www.daisomall.co.kr/ms/msg/SCR_MSG_0019,2026-09-18
kr-daiso-484c78c078c4b4b4,다이소,번동점,서울특별시 강북구 오현로 190 (번동),강북구,https://www.daisomall.co.kr/ms/msg/SCR_MSG_0019,2026-09-18
kr-daiso-ab16de506e870a3e,다이소,삼양시장점,서울특별시 강북구 삼양로 234 (미아동),강북구,https://www.daisomall.co.kr/ms/msg/SCR_MSG_0019,2026-09-18
kr-daiso-522c33394bcc28e7,다이소,수유본점,서울특별시 강북구 도봉로 342 (번동),강북구,https://www.daisomall.co.kr/ms/msg/SCR_MSG_0019,2026-09-18
kr-daiso-05fe95e1a2479fd2,다이소,수유시장2호점,서울특별시 강북구 도봉로67길 18 (수유동),강북구,https://www.daisomall.co.kr/ms/msg/SCR_MSG_0019,2026-09-18
kr-daiso-d942d9a779c8455a,다이소,수유시장점,서울특별시 강북구 도봉로 260 (미아동),강북구,https://www.daisomall.co.kr/ms/msg/SCR_MSG_0019,2026-09-18
kr-daiso-b8c7c9c774131609,다이소,가양역2호점,서울특별시 강서구 화곡로 418 (등촌동),강서구,https://www.daisomall.co.kr/ms/msg/SCR_MSG_0019,2026-09-18
kr-daiso-7d3865b695c630eb,다이소,굿모닝마트화곡점,서울특별시 강서구 등촌로5길 80 (화곡동),강서구,https://www.daisomall.co.kr/ms/msg/SCR_MSG_0019,2026-09-18
kr-daiso-eac19af436b851b5,다이소,까치산2호점,서울특별시 강서구 강서로 34 (화곡동),강서구,https://www.daisomall.co.kr/ms/msg/SCR_MSG_0019,2026-09-18
kr-daiso-916c5388add1a209,다이소,롯데마트김포공항점,서울특별시 강서구 하늘길 지하 77 (방화동),강서구,https://www.daisomall.co.kr/ms/msg/SCR_MSG_0019,2026-09-18
kr-daiso-c8eb50422bceed41,다이소,마곡나루역점,서울특별시 강서구 마곡중앙로 143 (마곡동),강서구,https://www.daisomall.co.kr/ms/msg/SCR_MSG_0019,2026-09-18
kr-daiso-75f0ccf3cebec101,다이소,목동사거리점,서울특별시 강서구 등촌로5길 2 (화곡동),강서구,https://www.daisomall.co.kr/ms/msg/SCR_MSG_0019,2026-09-18
kr-daiso-0c9f5c5f51d3936d,다이소,바다마트강서점,서울특별시 강서구 발산로 24 (외발산동),강서구,https://www.daisomall.co.kr/ms/msg/SCR_MSG_0019,2026-09-18
kr-daiso-506bd60f582f0829,다이소,발산역점,서울특별시 강서구 공항대로 280 (내발산동),강서구,https://www.daisomall.co.kr/ms/msg/SCR_MSG_0019,2026-09-18
kr-daiso-ed126e2f7b4c11f1,다이소,방화사거리점,서울특별시 강서구 금낭화로 75(방화동) 지하1층,강서구,https://www.daisomall.co.kr/ms/msg/SCR_MSG_0019,2026-09-18
kr-daiso-afc596fa0d85f304,다이소,송정역점,서울 강서구 공항대로 28,강서구,https://www.daisomall.co.kr/ms/msg/SCR_MSG_0019,2026-09-18
kr-daiso-77dfe556dea05cca,다이소,신방화역점,서울특별시 강서구 방화대로 지하 301 (방화동),강서구,https://www.daisomall.co.kr/ms/msg/SCR_MSG_0019,2026-09-18
kr-daiso-47da7c23a5fff61d,다이소,염창역점,서울특별시 강서구 공항대로 627 (염창동),강서구,https://www.daisomall.co.kr/ms/msg/SCR_MSG_0019,2026-09-18
kr-daiso-fc3c468256fe2899,다이소,우장산역점,서울특별시 강서구 강서로 267 (내발산동),강서구,https://www.daisomall.co.kr/ms/msg/SCR_MSG_0019,2026-09-18
kr-daiso-deffc5925ad811fd,다이소,하나로마트방화점,서울특별시 강서구 금낭화로 127 (방화동),강서구,https://www.daisomall.co.kr/ms/msg/SCR_MSG_0019,2026-09-18
kr-daiso-8da5e3bbd5e4b943,다이소,홈플러스강서점,서울특별시 강서구 화곡로 398 (등촌동),강서구,https://www.daisomall.co.kr/ms/msg/SCR_MSG_0019,2026-09-18
kr-daiso-d70ef883a411bac6,다이소,화곡대림점,서울특별시 강서구 월정로30길 21 (화곡동),강서구,https://www.daisomall.co.kr/ms/msg/SCR_MSG_0019,2026-09-18
kr-daiso-074369a3a2b741bb,다이소,화곡역점,서울특별시 강서구 화곡로 161 (화곡동),강서구,https://www.daisomall.co.kr/ms/msg/SCR_MSG_0019,2026-09-18
kr-daiso-9ae7a995f0e2db55,다이소,NC강서점,서울특별시 강서구 강서로56길 17 (등촌동) 8층,강서구,https://www.daisomall.co.kr/ms/msg/SCR_MSG_0019,2026-09-18
kr-daiso-df0ce72a73cae077,다이소,관악식자재마트점,"서울특별시 관악구 청림3길 10 (봉천동, 서희스타힐스)",관악구,https://www.daisomall.co.kr/ms/msg/SCR_MSG_0019,2026-09-18
kr-daiso-b2f8a48354c558c7,다이소,낙성대점,서울특별시 관악구 남부순환로 1960 (봉천동),관악구,https://www.daisomall.co.kr/ms/msg/SCR_MSG_0019,2026-09-18
kr-daiso-63bf444eed2a5f14,다이소,난곡사거리점,서울특별시 관악구 남부순환로 1474 (신림동),관악구,https://www.daisomall.co.kr/ms/msg/SCR_MSG_0019,2026-09-18
kr-daiso-fd62f24c74c0aced,다이소,봉천2호점,서울특별시 관악구 남부순환로 1731 (봉천동),관악구,https://www.daisomall.co.kr/ms/msg/SCR_MSG_0019,2026-09-18
kr-daiso-69782138b7f4eac1,다이소,봉천본점,"서울특별시 관악구 관악로 195 (봉천동, 관악위버폴리스)",관악구,https://www.daisomall.co.kr/ms/msg/SCR_MSG_0019,2026-09-18
kr-daiso-34ac0e2a5a7484b5,다이소,서울대입구점,서울특별시 관악구 남부순환로 1840 (봉천동),관악구,https://www.daisomall.co.kr/ms/msg/SCR_MSG_0019,2026-09-18
kr-daiso-0bc1705d9605e390,다이소,세이브마트난곡점,서울특별시 관악구 난곡로 220 (신림동),관악구,https://www.daisomall.co.kr/ms/msg/SCR_MSG_0019,2026-09-18
kr-daiso-d59692c1bf5bfb10,다이소,신림3호점,"서울특별시 관악구 신림로 318 (신림동, 청암두산위브센티움)",관악구,https://www.daisomall.co.kr/ms/msg/SCR_MSG_0019,2026-09-18
kr-daiso-85d224fedfe4c31b,다이소,신림역1호점,서울특별시 관악구 신림로 354 (신림동),관악구,https://www.daisomall.co.kr/ms/msg/SCR_MSG_0019,2026-09-18
kr-daiso-957fd055b44ac10c,다이소,신림점,서울특별시 관악구 호암로 605 (신림동),관악구,https://www.daisomall.co.kr/ms/msg/SCR_MSG_0019,2026-09-18
kr-daiso-da8b2f375bd3bea3,다이소,하나로마트서울서남부농협점,서울특별시 관악구 남부순환로 1369 (신림동) 2층,관악구,https://www.daisomall.co.kr/ms/msg/SCR_MSG_0019,2026-09-18
kr-daiso-0788c446c1f03ca6,다이소,GS슈퍼관악점,서울특별시 관악구 쑥고개로 111 (봉천동),관악구,https://www.daisomall.co.kr/ms/msg/SCR_MSG_0019,2026-09-18
kr-daiso-d2b616e4581751ae,다이소,건대입구점,서울특별시 광진구 아차산로 225 (화양동),광진구,https://www.daisomall.co.kr/ms/msg/SCR_MSG_0019,2026-09-18
kr-daiso-1cc02675a494b635,다이소,건대점,서울특별시 광진구 능동로 117 (화양동),광진구,https://www.daisomall.co.kr/ms/msg/SCR_MSG_0019,2026-09-18
kr-daiso-a90bd6ffe153c4e4,다이소,구의역점,서울특별시 광진구 아차산로 378 (자양동),광진구,https://www.daisomall.co.kr/ms/msg/SCR_MSG_0019,2026-09-18
kr-daiso-78786193382b9cf1,다이소,군자역점,서울특별시 광진구 천호대로 556 (능동),광진구,https://www.daisomall.co.kr/ms/msg/SCR_MSG_0019,2026-09-18
kr-daiso-944e95aa5f8ade64,다이소,스타시티건대점,서울특별시 광진구 능동로 92 (자양동) B2층,광진구,https://www.daisomall.co.kr/ms/msg/SCR_MSG_0019,2026-09-18
kr-daiso-1d0d4e54f1e60228,다이소,아차산역2호점,서울특별시 광진구 천호대로 661 (구의동),광진구,https://www.daisomall.co.kr/ms/msg/SCR_MSG_0019,2026-09-18
kr-daiso-1afddb6f4b1260db,다이소,엔터식스강변점,서울특별시 광진구 광나루로56길 85 (구의동),광진구,https://www.daisomall.co.kr/ms/msg/SCR_MSG_0019,2026-09-18
kr-daiso-13a873030117a92e,다이소,이스트폴구의점,서울특별시 광진구 아차산로 402 (자양동),광진구,https://www.daisomall.co.kr/ms/msg/SCR_MSG_0019,2026-09-18
kr-daiso-824d6d93e6dd9271,다이소,중곡역점,서울특별시 광진구 면목로 147 (중곡동),광진구,https://www.daisomall.co.kr/ms/msg/SCR_MSG_0019,2026-09-18
kr-daiso-6f8fa8a103846dd5,다이소,하나로마트서울중앙농협점,서울특별시 광진구 뚝섬로 639 (자양동) 1층,광진구,https://www.daisomall.co.kr/ms/msg/SCR_MSG_0019,2026-09-18
kr-daiso-b09731c56a6b7428,다이소,하이웨이마트구의점,서울특별시 광진구 광나루로 516 하이웨이마트,광진구,https://www.daisomall.co.kr/ms/msg/SCR_MSG_0019,2026-09-18
kr-daiso-c806592ebf1c9457,다이소,화양동점,서울특별시 광진구 광나루로 370 (화양동),광진구,https://www.daisomall.co.kr/ms/msg/SCR_MSG_0019,2026-09-18
kr-daiso-95d1414386737831,다이소,GS슈퍼광진화양점,서울특별시 광진구 능동로13길 39 한아름건물,광진구,https://www.daisomall.co.kr/ms/msg/SCR_MSG_0019,2026-09-18
kr-daiso-28b2e16133d6e602,다이소,개봉역남부점,서울특별시 구로구 남부순환로97길 3 (개봉동) 지하1층,구로구,https://www.daisomall.co.kr/ms/msg/SCR_MSG_0019,2026-09-18
kr-daiso-b00ca1efff80b434,다이소,개봉역점,서울특별시 구로구 경인로40길 41 (개봉동),구로구,https://www.daisomall.co.kr/ms/msg/SCR_MSG_0019,2026-09-18
kr-daiso-a0b9f947066f01ff,다이소,고척동점,서울특별시 구로구 중앙로 64(고척동),구로구,https://www.daisomall.co.kr/ms/msg/SCR_MSG_0019,2026-09-18
kr-daiso-8e0bd43a25efb92b,다이소,구로구청점,서울특별시 구로구 가마산로 263 (구로동),구로구,https://www.daisomall.co.kr/ms/msg/SCR_MSG_0019,2026-09-18
kr-daiso-8686902a81cd28e1,다이소,구로디지털단지역점,서울특별시 구로구 시흥대로 575 (구로동),구로구,https://www.daisomall.co.kr/ms/msg/SCR_MSG_0019,2026-09-18
kr-daiso-fdbc12739337f0ef,다이소,구로시장점,서울특별시 구로구 구로동로26길 82 (구로동),구로구,https://www.daisomall.co.kr/ms/msg/SCR_MSG_0019,2026-09-18
kr-daiso-468b2e5111976d61,다이소,신도림점,서울특별시 구로구 새말로 110 (구로동),구로구,https://www.daisomall.co.kr/ms/msg/SCR_MSG_0019,2026-09-18
kr-daiso-7ee5360907b21ac4,다이소,오류동점,서울특별시 구로구 경인로 209 (오류동),구로구,https://www.daisomall.co.kr/ms/msg/SCR_MSG_0019,2026-09-18
kr-daiso-c052666f737d4877,다이소,이마트신도림점,서울특별시 구로구 새말로 97 (구로동),구로구,https://www.daisomall.co.kr/ms/msg/SCR_MSG_0019,2026-09-18
kr-daiso-1eb9da5889372f61,다이소,천왕역점,서울특별시 구로구 오리로 1165 (오류동),구로구,https://www.daisomall.co.kr/ms/msg/SCR_MSG_0019,2026-09-18
kr-daiso-e64819ed18e66ef1,다이소,e에브리데이개봉동점,서울특별시 구로구 개봉로17길 34 (개봉동),구로구,https://www.daisomall.co.kr/ms/msg/SCR_MSG_0019,2026-09-18
kr-daiso-a6e6ec24eba49709,다이소,NC신구로점,서울특별시 구로구 구로중앙로 152 (구로동) 지상2층,구로구,https://www.daisomall.co.kr/ms/msg/SCR_MSG_0019,2026-09-18
kr-daiso-8528c633ce8feba0,다이소,독산점,서울특별시 금천구 시흥대로 403 (독산동),금천구,https://www.daisomall.co.kr/ms/msg/SCR_MSG_0019,2026-09-18
kr-daiso-efdaa6a02844b223,다이소,롯데마트금천점,서울특별시 금천구 시흥대로 315 (독산동),금천구,https://www.daisomall.co.kr/ms/msg/SCR_MSG_0019,2026-09-18
kr-daiso-fd47080a65590e70,다이소,롯데마트맥스금천점,서울특별시 금천구 두산로 71 (독산동),금천구,https://www.daisomall.co.kr/ms/msg/SCR_MSG_0019,2026-09-18
kr-daiso-046bd5bc1e95a099,다이소,마리오아울렛점,서울특별시 금천구 벚꽃로 266 (가산동),금천구,https://www.daisomall.co.kr/ms/msg/SCR_MSG_0019,2026-09-18
kr-daiso-cf8f4d78ad8aa268,다이소,시흥사거리점,서울특별시 금천구 시흥대로 230 (시흥동),금천구,https://www.daisomall.co.kr/ms/msg/SCR_MSG_0019,2026-09-18
kr-daiso-54a4dcf52893cb71,다이소,퍼블릭가산점,서울특별시 금천구 디지털로 178 (가산동),금천구,https://www.daisomall.co.kr/ms/msg/SCR_MSG_0019,2026-09-18
kr-daiso-6d15ef19bc68ecb7,다이소,노원문화의거리점,서울특별시 노원구 노해로79길 6-19 (상계동),노원구,https://www.daisomall.co.kr/ms/msg/SCR_MSG_0019,2026-09-18
kr-daiso-6ab039a94922fd4d,다이소,노원본점,서울특별시 노원구 동일로 1392 (상계동),노원구,https://www.daisomall.co.kr/ms/msg/SCR_MSG_0019,2026-09-18
kr-daiso-5757961e4281e045,다이소,당고개역점,서울특별시 노원구 덕릉로126길 2(상계동),노원구,https://www.daisomall.co.kr/ms/msg/SCR_MSG_0019,2026-09-18
kr-daiso-7d1687e29bbd0ac2,다이소,롯데마트중계점,서울특별시 노원구 노원로 330 (중계동),노원구,https://www.daisomall.co.kr/ms/msg/SCR_MSG_0019,2026-09-18
kr-daiso-605711b4ebf3dd8a,다이소,롯데슈퍼상계11점,서울특별시 노원구 동일로 1541 11단지종합상가,노원구,https://www.daisomall.co.kr/ms/msg/SCR_MSG_0019,2026-09-18
kr-daiso-c44d1e37c0551ef6,다이소,상계1호점,서울특별시 노원구 한글비석로22길 30-1 (중계동),노원구,https://www.daisomall.co.kr/ms/msg/SCR_MSG_0019,2026-09-18
kr-daiso-afc87f577e9598b7,다이소,상계보람점,서울특별시 노원구 한글비석로 470 (상계동),노원구,https://www.daisomall.co.kr/ms/msg/SCR_MSG_0019,2026-09-18
kr-daiso-16309aaa27f41f43,다이소,석계역점,서울특별시 노원구 석계로 9(월계동),노원구,https://www.daisomall.co.kr/ms/msg/SCR_MSG_0019,2026-09-18
kr-daiso-5c254cfccfaf9926,다이소,세이브존노원점,서울 노원구 한글비석로 57 (하계동) 세이브존노원점 B1층,노원구,https://www.daisomall.co.kr/ms/msg/SCR_MSG_0019,2026-09-18
kr-daiso-daadba5b39d058e3,다이소,중계동점,서울특별시 노원구 한글비석로 242 (중계동),노원구,https://www.daisomall.co.kr/ms/msg/SCR_MSG_0019,2026-09-18
kr-daiso-ecf876ad8b067056,다이소,중계역점,서울특별시 노원구 동일로 1308(중계동),노원구,https://www.daisomall.co.kr/ms/msg/SCR_MSG_0019,2026-09-18
kr-daiso-f38623dc686acb62,다이소,홈플러스중계점,서울특별시 노원구 동일로204가길 12 (중계동),노원구,https://www.daisomall.co.kr/ms/msg/SCR_MSG_0019,2026-09-18
kr-daiso-47d284b88871e822,다이소,e에브리데이공릉동점,서울특별시 노원구 노원로1길 67 (공릉동),노원구,https://www.daisomall.co.kr/ms/msg/SCR_MSG_0019,2026-09-18
kr-daiso-515dda45aa3fde77,다이소,e에브리데이중계동점,"서울 노원구 중계로12길 39 (중계동, 이연아마빌레)",노원구,https://www.daisomall.co.kr/ms/msg/SCR_MSG_0019,2026-09-18
kr-daiso-00886d6efa784d10,다이소,덕성여대점,서울특별시 도봉구 삼양로 538-5 (쌍문동),도봉구,https://www.daisomall.co.kr/ms/msg/SCR_MSG_0019,2026-09-18
kr-daiso-bcea7db8e5f651a5,다이소,롯데슈퍼방학점,서울특별시 도봉구 방학로 223,도봉구,https://www.daisomall.co.kr/ms/msg/SCR_MSG_0019,2026-09-18
kr-daiso-26d79b8e8a7b90e0,다이소,방학역점,서울특별시 도봉구 도봉로 696 (방학동),도봉구,https://www.daisomall.co.kr/ms/msg/SCR_MSG_0019,2026-09-18
kr-daiso-bd99a513de34c09a,다이소,쌍문세라믹사거리점,서울특별시 도봉구 도당로 7 (쌍문동),도봉구,https://www.daisomall.co.kr/ms/msg/SCR_MSG_0019,2026-09-18
kr-daiso-82be7f40b7fdbe95,다이소,쌍문역점,서울특별시 도봉구 도봉로 491 (쌍문동),도봉구,https://www.daisomall.co.kr/ms/msg/SCR_MSG_0019,2026-09-18
kr-daiso-751260fbe071af98,다이소,창동3호점,서울특별시 도봉구 덕릉로63가길 68(창동),도봉구,https://www.daisomall.co.kr/ms/msg/SCR_MSG_0019,2026-09-18
kr-daiso-a14c955a178efb8a,다이소,하나로마트창동점,서울특별시 도봉구 마들로11길 20 (창동),도봉구,https://www.daisomall.co.kr/ms/msg/SCR_MSG_0019,2026-09-18
kr-daiso-435297e90f13f859,다이소,홈플러스방학점,서울특별시 도봉구 도봉로 678 (방학동),도봉구,https://www.daisomall.co.kr/ms/msg/SCR_MSG_0019,2026-09-18
kr-daiso-886bcbc8f6598a79,다이소,경동시장점,서울특별시 동대문구 고산자로 441(제기동),동대문구,https://www.daisomall.co.kr/ms/msg/SCR_MSG_0019,2026-09-18
kr-daiso-19e1d91c154ed4c9,다이소,외대역점,서울특별시 동대문구 휘경로 15 (이문동),동대문구,https://www.daisomall.co.kr/ms/msg/SCR_MSG_0019,2026-09-18
kr-daiso-840f190a35d165b3,다이소,장안사거리점,서울특별시 동대문구 장한로25길 2 (장안동),동대문구,https://www.daisomall.co.kr/ms/msg/SCR_MSG_0019,2026-09-18
kr-daiso-aae45619397df196,다이소,장한평역점,서울 동대문구 장한로 10,동대문구,https://www.daisomall.co.kr/ms/msg/SCR_MSG_0019,2026-09-18
kr-daiso-394c7f9804d39cdc,다이소,전농점,서울특별시 동대문구 사가정로 121(전농동),동대문구,https://www.daisomall.co.kr/ms/msg/SCR_MSG_0019,2026-09-18
kr-daiso-a1fc5eed21bccd7c,다이소,청량리역점,서울특별시 동대문구 왕산로 195 (청량리동),동대문구,https://www.daisomall.co.kr/ms/msg/SCR_MSG_0019,2026-09-18
kr-daiso-37c0c1702620a39d,다이소,하나로마트동서울농협장안점,서울특별시 동대문구 한천로 193 (장안동) B1층,동대문구,https://www.daisomall.co.kr/ms/msg/SCR_MSG_0019,2026-09-18
kr-daiso-9fa7ec805b564eea,다이소,회기역점,서울특별시 동대문구 회기로 187(휘경동),동대문구,https://www.daisomall.co.kr/ms/msg/SCR_MSG_0019,2026-09-18
kr-daiso-a0994e6053597874,다이소,e에브리데이답십리점,서울특별시 동대문구 고미술로 49 (답십리동),동대문구,https://www.daisomall.co.kr/ms/msg/SCR_MSG_0019,2026-09-18
kr-daiso-ba43367765666cbc,다이소,e에브리데이이문점,서울특별시 동대문구 이문로 136 (이문동),동대문구,https://www.daisomall.co.kr/ms/msg/SCR_MSG_0019,2026-09-18
kr-daiso-a1272c3f4394d54b,다이소,남성역점,서울특별시 동작구 사당로17가길 16 (사당동),동작구,https://www.daisomall.co.kr/ms/msg/SCR_MSG_0019,2026-09-18
kr-daiso-ff01d24e7ffd6c79,다이소,노량진점,서울특별시 동작구 만양로 105 (노량진동),동작구,https://www.daisomall.co.kr/ms/msg/SCR_MSG_0019,2026-09-18
kr-daiso-37763bd0603fb76c,다이소,대림사거리점,서울특별시 동작구 시흥대로 654 (신대방동) 지하1층,동작구,https://www.daisomall.co.kr/ms/msg/SCR_MSG_0019,2026-09-18
kr-daiso-9339d19c9883748d,다이소,대방남부점,서울특별시 동작구 노량진로 4 (대방동),동작구,https://www.daisomall.co.kr/ms/msg/SCR_MSG_0019,2026-09-18
kr-daiso-63af6f0c12ff7286,다이소,보라매점,"서울특별시 동작구 보라매로5가길 16 (신대방동, 보라매아카데미타워)",동작구,https://www.daisomall.co.kr/ms/msg/SCR_MSG_0019,2026-09-18
kr-daiso-1bd27f2ca4fa89d7,다이소,사당1호점,서울특별시 동작구 동작대로 43 (사당동),동작구,https://www.daisomall.co.kr/ms/msg/SCR_MSG_0019,2026-09-18
kr-daiso-2bc90c168fe99290,다이소,사당2호점,서울특별시 동작구 남부순환로 2057 (사당동),동작구,https://www.daisomall.co.kr/ms/msg/SCR_MSG_0019,2026-09-18
kr-daiso-368412674e24246c,다이소,상도점,서울특별시 동작구 상도로 277 (상도1동),동작구,https://www.daisomall.co.kr/ms/msg/SCR_MSG_0019,2026-09-18
kr-daiso-188bd8292394ffce,다이소,성대시장점,서울특별시 동작구 상도로 102 (상도동),동작구,https://www.daisomall.co.kr/ms/msg/SCR_MSG_0019,2026-09-18
kr-daiso-3656f8d024b5b553,다이소,신대방점,서울특별시 동작구 여의대방로 122 (신대방동),동작구,https://www.daisomall.co.kr/ms/msg/SCR_MSG_0019,2026-09-18
kr-daiso-a479bc9608630ba0,다이소,이수점,서울특별시 동작구 동작대로 123 (사당동),동작구,https://www.daisomall.co.kr/ms/msg/SCR_MSG_0019,2026-09-18
kr-daiso-7b9e8171dc08bb60,다이소,하나로마트남성점,서울특별시 동작구 사당로16길 35,동작구,https://www.daisomall.co.kr/ms/msg/SCR_MSG_0019,2026-09-18
kr-daiso-cba225889869942b,다이소,하나로마트이수점,서울특별시 동작구 동작대로39길 22 지하1층,동작구,https://www.daisomall.co.kr/ms/msg/SCR_MSG_0019,2026-09-18
kr-daiso-1e010e12e31ab333,다이소,하나로마트흑석점,서울특별시 동작구 서달로 150,동작구,https://www.daisomall.co.kr/ms/msg/SCR_MSG_0019,2026-09-18
kr-daiso-c22970bc0f65b4c0,다이소,흑석점,서울특별시 동작구 서달로 161-1(흑석동),동작구,https://www.daisomall.co.kr/ms/msg/SCR_MSG_0019,2026-09-18
kr-daiso-96f525cd605b970f,다이소,굿모닝마트마포점,서울특별시 마포구 토정로 193 (구수동),마포구,https://www.daisomall.co.kr/ms/msg/SCR_MSG_0019,2026-09-18
kr-daiso-9a98c3746d2bcc24,다이소,롯데슈퍼마포대흥점,서울특별시 마포구 큰우물로 3,마포구,https://www.daisomall.co.kr/ms/msg/SCR_MSG_0019,2026-09-18
kr-daiso-059a4064f26fb9e8,다이소,신촌본점,서울특별시 마포구 신촌로 90 (노고산동),마포구,https://www.daisomall.co.kr/ms/msg/SCR_MSG_0019,2026-09-18
kr-daiso-bad2939b61d97fc0,다이소,합정동점,서울특별시 마포구 독막로 33-1 (합정동),마포구,https://www.daisomall.co.kr/ms/msg/SCR_MSG_0019,2026-09-18
kr-daiso-3d34f8d9458a66be,다이소,홈플러스월드컵점,서울특별시 마포구 월드컵로 240 (성산동),마포구,https://www.daisomall.co.kr/ms/msg/SCR_MSG_0019,2026-09-18
kr-daiso-26e6dee9efb102db,다이소,홍대2호점,서울특별시 마포구 양화로 182 (동교동),마포구,https://www.daisomall.co.kr/ms/msg/SCR_MSG_0019,2026-09-18
kr-daiso-44d80760ca2b7745,다이소,홍대입구점,서울특별시 마포구 홍익로 25 (서교동),마포구,https://www.daisomall.co.kr/ms/msg/SCR_MSG_0019,2026-09-18
kr-daiso-b8dae8c14b63c127,다이소,가좌역점,서울특별시 서대문구 수색로 26 (남가좌동),서대문구,https://www.daisomall.co.kr/ms/msg/SCR_MSG_0019,2026-09-18
kr-daiso-7ae2217dbb57b2ff,다이소,굿모닝마트유진점,서울특별시 서대문구 통일로 484 (홍제동),서대문구,https://www.daisomall.co.kr/ms/msg/SCR_MSG_0019,2026-09-18
kr-daiso-490f6115ef214f89,다이소,굿모닝마트홍제점,서울특별시 서대문구 통일로 397,서대문구,https://www.daisomall.co.kr/ms/msg/SCR_MSG_0019,2026-09-18
kr-daiso-31b23667d76917ab,다이소,신촌명물거리점,서울특별시 서대문구 명물길 27 (창천동),서대문구,https://www.daisomall.co.kr/ms/msg/SCR_MSG_0019,2026-09-18
kr-daiso-352b6922e76703d3,다이소,연희동점,서울특별시 서대문구 연희로 83(연희동),서대문구,https://www.daisomall.co.kr/ms/msg/SCR_MSG_0019,2026-09-18
kr-daiso-dc7e7183f4edfd0d,다이소,이대역점,서울특별시 서대문구 신촌로 183 (대현동),서대문구,https://www.daisomall.co.kr/ms/msg/SCR_MSG_0019,2026-09-18
kr-daiso-f0720ab66054ccfc,다이소,홍제역(3호선)점,서울특별시 서대문구 통일로 지하 440-1 (홍제동),서대문구,https://www.daisomall.co.kr/ms/msg/SCR_MSG_0019,2026-09-18
kr-daiso-452e5f18b6aee9e2,다이소,e에브리데이남가좌점,"서울특별시 서대문구 수색로2길 39 (남가좌동, DMC금호리첸시아)",서대문구,https://www.daisomall.co.kr/ms/msg/SCR_MSG_0019,2026-09-18
kr-daiso-257bed760b978787,다이소,e에브리데이명지대점,서울특별시 서대문구 거북골로 34(남가좌동),서대문구,https://www.daisomall.co.kr/ms/msg/SCR_MSG_0019,2026-09-18
kr-daiso-d31c3a72b7aa58cd,다이소,GS슈퍼북가좌점,서울특별시 서대문구 응암로 54 (북가좌동) 서부코아 지층,서대문구,https://www.daisomall.co.kr/ms/msg/SCR_MSG_0019,2026-09-18
kr-daiso-27b07f75139f0004,다이소,강남고속버스터미널2호점,서울특별시 서초구 신반포로 194 (반포동) 1층,서초구,https://www.daisomall.co.kr/ms/msg/SCR_MSG_0019,2026-09-18
kr-daiso-3da67bbe9815efda,다이소,강남고속버스터미널점,서울특별시 서초구 신반포로 194 (반포동) 지하1층,서초구,https://www.daisomall.co.kr/ms/msg/SCR_MSG_0019,2026-09-18
kr-daiso-247ac9d7650cf3f1,다이소,교대역점,서울특별시 서초구 서초대로 320 (서초동) 지하1층,서초구,https://www.daisomall.co.kr/ms/msg/SCR_MSG_0019,2026-09-18
kr-daiso-d0360e08cf184d32,다이소,남부터미널점,서울특별시 서초구 서초중앙로 36 (서초동),서초구,https://www.daisomall.co.kr/ms/msg/SCR_MSG_0019,2026-09-18
kr-daiso-a3d84f09f4db1a90,다이소,내방역점,서울특별시 서초구 서초대로24길 3 (방배동),서초구,https://www.daisomall.co.kr/ms/msg/SCR_MSG_0019,2026-09-18
kr-daiso-bea33a42dffed47b,다이소,롯데마트서초점,"서울특별시 서초구 서초대로38길 12 (서초동, 마제스타시티, 힐스테이트 서리풀)",서초구,https://www.daisomall.co.kr/ms/msg/SCR_MSG_0019,2026-09-18
kr-daiso-adcf06c1e2a49fe4,다이소,방배역점,서울특별시 서초구 효령로 117 (방배동),서초구,https://www.daisomall.co.kr/ms/msg/SCR_MSG_0019,2026-09-18
kr-daiso-76e0638b22fb9b5b,다이소,양재2호점,"서울특별시 서초구 남부순환로 2614 (양재동, 한솔로이젠트)",서초구,https://www.daisomall.co.kr/ms/msg/SCR_MSG_0019,2026-09-18
kr-daiso-8ce6a8c51f74ea11,다이소,포이사거리점,서울특별시 서초구 논현로 79 (양재동),서초구,https://www.daisomall.co.kr/ms/msg/SCR_MSG_0019,2026-09-18
kr-daiso-8fab1b7e9ebad4d4,다이소,하나로클럽양재점,서울특별시 서초구 청계산로 10 (양재동),서초구,https://www.daisomall.co.kr/ms/msg/SCR_MSG_0019,2026-09-18
kr-daiso-5751f84229d5c1bc,다이소,e에브리데이내곡점,서울특별시 서초구 청계산로9길 70(내곡동),서초구,https://www.daisomall.co.kr/ms/msg/SCR_MSG_0019,2026-09-18
kr-daiso-6f924f7e792a23a5,다이소,e에브리데이양재점,서울특별시 서초구 동산로2길 16 (양재동),서초구,https://www.daisomall.co.kr/ms/msg/SCR_MSG_0019,2026-09-18
kr-daiso-d1d0754c1383e7d1,다이소,금호금남시장점,서울특별시 성동구 독서당로 292 (금호동4가),성동구,https://www.daisomall.co.kr/ms/msg/SCR_MSG_0019,2026-09-18
kr-daiso-51ca8a0fde00cdaf,다이소,답십리점,서울특별시 성동구 천호대로 308 (용답동),성동구,https://www.daisomall.co.kr/ms/msg/SCR_MSG_0019,2026-09-18
kr-daiso-841d0396e08e8473,다이소,뚝섬역점,서울특별시 성동구 아차산로 6 (성수동1가),성동구,https://www.daisomall.co.kr/ms/msg/SCR_MSG_0019,2026-09-18
kr-daiso-97f0f8011668e817,다이소,롯데마트행당역점,서울특별시 성동구 행당로 84 (행당동),성동구,https://www.daisomall.co.kr/ms/msg/SCR_MSG_0019,2026-09-18
kr-daiso-d38c80e097ab73d1,다이소,비트플렉스왕십리역점,서울특별시 성동구 왕십리광장로 17 (행당동),성동구,https://www.daisomall.co.kr/ms/msg/SCR_MSG_0019,2026-09-18
kr-daiso-154aebb22132ecd9,다이소,상왕십리역점,서울특별시 성동구 왕십리로 373 (하왕십리동),성동구,https://www.daisomall.co.kr/ms/msg/SCR_MSG_0019,2026-09-18
kr-daiso-5c742269a7eaceda,다이소,성수2가점,서울특별시 성동구 성덕정길 106(성수동2가),성동구,https://www.daisomall.co.kr/ms/msg/SCR_MSG_0019,2026-09-18
kr-daiso-2b53026de75277a6,다이소,옥수역점,서울특별시 성동구 동호로 21 (옥수동),성동구,https://www.daisomall.co.kr/ms/msg/SCR_MSG_0019,2026-09-18
kr-daiso-aee55be3a0db06de,다이소,한샘마트성수점,서울특별시 성동구 성수이로 118 (성수동2가),성동구,https://www.daisomall.co.kr/ms/msg/SCR_MSG_0019,2026-09-18
kr-daiso-35cc913b00b0d87b,다이소,경기마트정릉점,"서울특별시 성북구 길음로9길 50(길음동, 길음뉴타운)",성북구,https://www.daisomall.co.kr/ms/msg/SCR_MSG_0019,2026-09-18
kr-daiso-88076da5fa2df946,다이소,돌곶이역점,"서울특별시 성북구 화랑로 265 (장위동, H하우스 장위)",성북구,https://www.daisomall.co.kr/ms/msg/SCR_MSG_0019,2026-09-18
kr-daiso-f7ebddf72b3734a2,다이소,동덕여대점,서울특별시 성북구 장월로1길 113(하월곡동) 세정빌딩,성북구,https://www.daisomall.co.kr/ms/msg/SCR_MSG_0019,2026-09-18
kr-daiso-dfc7c8f3d745895c,다이소,롯데슈퍼장위점,"서울특별시 성북구 월계로40길 7 지하1층 101, 102호",성북구,https://www.daisomall.co.kr/ms/msg/SCR_MSG_0019,2026-09-18
kr-daiso-87ea49b1d6db2a8a,다이소,성신여대역점,서울특별시 성북구 동소문로20나길 2 (동선동1가),성북구,https://www.daisomall.co.kr/ms/msg/SCR_MSG_0019,2026-09-18
kr-daiso-7e4a1066687b011d,다이소,안암점,서울특별시 성북구 고려대로24길 51(안암동5가),성북구,https://www.daisomall.co.kr/ms/msg/SCR_MSG_0019,2026-09-18
kr-daiso-28baeb8807f02837,다이소,이마트하월곡점,"서울특별시 성북구 종암로 167 (하월곡동, 동일하이빌뉴시티)",성북구,https://www.daisomall.co.kr/ms/msg/SCR_MSG_0019,2026-09-18
kr-daiso-839c0f916d1923ea,다이소,정릉시장점,서울특별시 성북구 보국문로 9 (정릉동),성북구,https://www.daisomall.co.kr/ms/msg/SCR_MSG_0019,2026-09-18
kr-daiso-634316e03be7e7cb,다이소,종암점,"서울특별시 성북구 종암로21길 3(종암동) 용진빌딩 /지층 1,2호 1층 1,2,3,4,호",성북구,https://www.daisomall.co.kr/ms/msg/SCR_MSG_0019,2026-09-18
kr-daiso-5a8771362cb4ad38,다이소,한성대입구역2호점,서울특별시 성북구 동소문로 14 (동소문동2가),성북구,https://www.daisomall.co.kr/ms/msg/SCR_MSG_0019,2026-09-18
kr-daiso-9fc3ff84f897d24e,다이소,홈플러스월곡점,서울특별시 성북구 화랑로 76 (하월곡동),성북구,https://www.daisomall.co.kr/ms/msg/SCR_MSG_0019,2026-09-18
kr-daiso-c7696659e93108a2,다이소,GS슈퍼동소문점,"서울특별시 성북구 성북로4길 52 (돈암동, 한신한진아파트) 4층",성북구,https://www.daisomall.co.kr/ms/msg/SCR_MSG_0019,2026-09-18
kr-daiso-5db07521ae65475d,다이소,가락시장역점,서울특별시 송파구 중대로 109 (가락동),송파구,https://www.daisomall.co.kr/ms/msg/SCR_MSG_0019,2026-09-18
kr-daiso-e7315ade402fd6c3,다이소,거여점,서울특별시 송파구 거마로 12(거여동),송파구,https://www.daisomall.co.kr/ms/msg/SCR_MSG_0019,2026-09-18
kr-daiso-48d47d0475eb6122,다이소,롯데마트송파점,서울특별시 송파구 중대로 80 롯데마트송파점,송파구,https://www.daisomall.co.kr/ms/msg/SCR_MSG_0019,2026-09-18
kr-daiso-e1914bd1333ef769,다이소,롯데마트월드타워점,서울특별시 송파구 올림픽로 300 (신천동),송파구,https://www.daisomall.co.kr/ms/msg/SCR_MSG_0019,2026-09-18
kr-daiso-c3fae52982207ff3,다이소,롯데슈퍼가락점,서울특별시 송파구 오금로36길 8 (가락동),송파구,https://www.daisomall.co.kr/ms/msg/SCR_MSG_0019,2026-09-18
kr-daiso-7081e8798720cc91,다이소,롯데슈퍼올림픽점,서울특별시 송파구 양재대로 1220 (방이동),송파구,https://www.daisomall.co.kr/ms/msg/SCR_MSG_0019,2026-09-18
kr-daiso-5976f7b6790da515,다이소,문정역점,"서울특별시 송파구 문정로 1 (문정동, 문정역 마에스트로)",송파구,https://www.daisomall.co.kr/ms/msg/SCR_MSG_0019,2026-09-18
kr-daiso-10ac29194a10ef24,다이소,방이시장점,서울특별시 송파구 백제고분로48길 5 (방이동),송파구,https://www.daisomall.co.kr/ms/msg/SCR_MSG_0019,2026-09-18
kr-daiso-0d91fb1e2e5d532f,다이소,배명사거리점,서울특별시 송파구 삼학사로 53(삼전동),송파구,https://www.daisomall.co.kr/ms/msg/SCR_MSG_0019,2026-09-18
kr-daiso-e1dd5e3696bb70b4,다이소,석촌점,서울특별시 송파구 가락로 103 (석촌동),송파구,https://www.daisomall.co.kr/ms/msg/SCR_MSG_0019,2026-09-18
kr-daiso-b2d33582a3e4abea,다이소,송파구청점,서울특별시 송파구 오금로 87 (방이동),송파구,https://www.daisomall.co.kr/ms/msg/SCR_MSG_0019,2026-09-18
kr-daiso-5d672cc99cc06552,다이소,송파파크하비오점,"서울특별시 송파구 송파대로 111 (문정동, 파크하비오) 205동",송파구,https://www.daisomall.co.kr/ms/msg/SCR_MSG_0019,2026-09-18
kr-daiso-959d320a370d1545,다이소,오금동점,서울특별시 송파구 동남로29길 4 (오금동),송파구,https://www.daisomall.co.kr/ms/msg/SCR_MSG_0019,2026-09-18
kr-daiso-a13839a3fb6604b1,다이소,위례본점,"서울특별시 송파구 위례광장로 136 (장지동, 위례아이파크)",송파구,https://www.daisomall.co.kr/ms/msg/SCR_MSG_0019,2026-09-18
kr-daiso-77e4548f2b3bc39c,다이소,잠실점,서울특별시 송파구 석촌호수로 88 (잠실동),송파구,https://www.daisomall.co.kr/ms/msg/SCR_MSG_0019,2026-09-18
kr-daiso-373981e0b5587d35,다이소,잠실종합운동장역점,"서울특별시 송파구 올림픽로 74 (잠실동, 잠실월드메르디앙)",송파구,https://www.daisomall.co.kr/ms/msg/SCR_MSG_0019,2026-09-18
kr-daiso-ff4a0969071a52a0,다이소,하나로클럽방이점,서울특별시 송파구 양재대로72길 15 (오금동),송파구,https://www.daisomall.co.kr/ms/msg/SCR_MSG_0019,2026-09-18
kr-daiso-23131b744b486f77,다이소,현대시티몰가든파이브점,서울특별시 송파구 충민로 66 (문정동),송파구,https://www.daisomall.co.kr/ms/msg/SCR_MSG_0019,2026-09-18
kr-daiso-c3c0388cb208e332,다이소,GS슈퍼송파점,서울특별시 송파구 동남로 189 (가락동) 140 쌍용아파트 상가(T02-3401-6251),송파구,https://www.daisomall.co.kr/ms/msg/SCR_MSG_0019,2026-09-18
kr-daiso-b37b6a4ff1b3d573,다이소,목동깨비시장점,서울특별시 양천구 목동중앙북로4길 6 (목동),양천구,https://www.daisomall.co.kr/ms/msg/SCR_MSG_0019,2026-09-18
kr-daiso-5a59f4f8d8da748b,다이소,목동역점,"서울특별시 양천구 오목로 238 (신정동, 론드사옥)",양천구,https://www.daisomall.co.kr/ms/msg/SCR_MSG_0019,2026-09-18
kr-daiso-a9b6e113a8d400a1,다이소,서부식자재마트점,서울특별시 양천구 목동남로 72 (신정동),양천구,https://www.daisomall.co.kr/ms/msg/SCR_MSG_0019,2026-09-18
kr-daiso-61761ece1deb68e2,다이소,신곡시장점,서울특별시 양천구 신월로 160 (신월동),양천구,https://www.daisomall.co.kr/ms/msg/SCR_MSG_0019,2026-09-18
kr-daiso-479e1cf71c3fbf13,다이소,신월우성상가점,서울특별시 양천구 지양로 78 (신월동) 1층,양천구,https://www.daisomall.co.kr/ms/msg/SCR_MSG_0019,2026-09-18
kr-daiso-16c09aa8b5375abc,다이소,신정네거리점,서울특별시 양천구 신월로 291 (신정동),양천구,https://www.daisomall.co.kr/ms/msg/SCR_MSG_0019,2026-09-18
kr-daiso-18a668fb5fb147a1,다이소,오목교점,서울특별시 양천구 오목로 344 (목동),양천구,https://www.daisomall.co.kr/ms/msg/SCR_MSG_0019,2026-09-18
kr-daiso-b343e87d4e8c3343,다이소,이마트목동점,"서울특별시 양천구 오목로 299 (목동, 목동트라팰리스)",양천구,https://www.daisomall.co.kr/ms/msg/SCR_MSG_0019,2026-09-18
kr-daiso-83730f6ab86af615,다이소,이마트신월점,서울특별시 양천구 화곡로 59(신월동),양천구,https://www.daisomall.co.kr/ms/msg/SCR_MSG_0019,2026-09-18
kr-daiso-5fc00060140e3ecc,다이소,당산점,서울특별시 영등포구 양평로 49 (당산동5가),영등포구,https://www.daisomall.co.kr/ms/msg/SCR_MSG_0019,2026-09-18
kr-daiso-f2517d68dd96c0d8,다이소,대림2호점,서울특별시 영등포구 도림로 157 (대림동),영등포구,https://www.daisomall.co.kr/ms/msg/SCR_MSG_0019,2026-09-18
kr-daiso-ff2c44ddd3d71cfa,다이소,대림썬프라자점,서울특별시 영등포구 신길로 39(대림동),영등포구,https://www.daisomall.co.kr/ms/msg/SCR_MSG_0019,2026-09-18
kr-daiso-187521a7f43eeda6,다이소,대신시장점,서울특별시 영등포구 도신로 235 (신길동),영등포구,https://www.daisomall.co.kr/ms/msg/SCR_MSG_0019,2026-09-18
kr-daiso-2815ceb5bb60fe23,다이소,롯데마트서울양평점,서울특별시 영등포구 선유로 138 (양평동3가),영등포구,https://www.daisomall.co.kr/ms/msg/SCR_MSG_0019,2026-09-18
kr-daiso-c8c1933fa5673ffc,다이소,롯데빅마켓영등포점,서울특별시 영등포구 영중로 125 (영등포동8가),영등포구,https://www.daisomall.co.kr/ms/msg/SCR_MSG_0019,2026-09-18
kr-daiso-2d83d44a469794dd,다이소,롯데슈퍼대림점,서울특별시 영등포구 대림로 251 (대림동),영등포구,https://www.daisomall.co.kr/ms/msg/SCR_MSG_0019,2026-09-18
kr-daiso-faaec891a40bbbd1,다이소,서울양평동점,서울특별시 영등포구 선유로 157 (양평동3가),영등포구,https://www.daisomall.co.kr/ms/msg/SCR_MSG_0019,2026-09-18
kr-daiso-83e2641c22ef19d9,다이소,선유도역점,서울특별시 영등포구 양평로 지하 124(양평동5가),영등포구,https://www.daisomall.co.kr/ms/msg/SCR_MSG_0019,2026-09-18
kr-daiso-c744533345c0f9ac,다이소,신길점,서울특별시 영등포구 가마산로 476 (신길동),영등포구,https://www.daisomall.co.kr/ms/msg/SCR_MSG_0019,2026-09-18
kr-daiso-68f4a3d397c1cd5c,다이소,여의도점,서울특별시 영등포구 여의나루로 61 (여의도동),영등포구,https://www.daisomall.co.kr/ms/msg/SCR_MSG_0019,2026-09-18
kr-daiso-d90c9042ca7e4d94,다이소,영등포구청점,"서울특별시 영등포구 당산로 83 (당산동2가, 한화포레나당산)",영등포구,https://www.daisomall.co.kr/ms/msg/SCR_MSG_0019,2026-09-18
kr-daiso-6a44fbf02856259a,다이소,영등포역점,서울특별시 영등포구 영중로 18 (영등포동3가),영등포구,https://www.daisomall.co.kr/ms/msg/SCR_MSG_0019,2026-09-18
kr-daiso-05076cab763cea41,다이소,홈플러스영등포점,서울특별시 영등포구 당산로 42 (문래동3가),영등포구,https://www.daisomall.co.kr/ms/msg/SCR_MSG_0019,2026-09-18
kr-daiso-e44c83f82638fc62,다이소,e에브리데이신풍역점,"서울특별시 영등포구 신풍로 28 (신길동, 비스타동원)",영등포구,https://www.daisomall.co.kr/ms/msg/SCR_MSG_0019,2026-09-18
kr-daiso-ea269336ce3767d4,다이소,GS슈퍼여의도점,서울특별시 영등포구 국제금융로7길 15 (여의도동),영등포구,https://www.daisomall.co.kr/ms/msg/SCR_MSG_0019,2026-09-18
kr-daiso-b0b63730ca9652c6,다이소,남영역점,서울특별시 용산구 한강대로77길 12 (갈월동),용산구,https://www.daisomall.co.kr/ms/msg/SCR_MSG_0019,2026-09-18
kr-daiso-1e0a5642e18f9ee1,다이소,용산아이파크몰점,서울특별시 용산구 한강대로21나길 17 (한강로3가),용산구,https://www.daisomall.co.kr/ms/msg/SCR_MSG_0019,2026-09-18
kr-daiso-e28d92ca6ab1f4d1,다이소,이태원점,서울특별시 용산구 이태원로15길 1 (이태원동),용산구,https://www.daisomall.co.kr/ms/msg/SCR_MSG_0019,2026-09-18
kr-daiso-4200e85ef2cdaf64,다이소,효창공원역점,서울특별시 용산구 효창원로 119(용문동),용산구,https://www.daisomall.co.kr/ms/msg/SCR_MSG_0019,2026-09-18
kr-daiso-05ab4f3cf57c4ebe,다이소,구산역점,서울특별시 은평구 연서로 143 (갈현동),은평구,https://www.daisomall.co.kr/ms/msg/SCR_MSG_0019,2026-09-18
kr-daiso-b6426b46647d3b92,다이소,롯데몰은평점,서울특별시 은평구 통일로 1050 (진관동),은평구,https://www.daisomall.co.kr/ms/msg/SCR_MSG_0019,2026-09-18
kr-daiso-8a1bd46c6070f58c,다이소,롯데슈퍼범서점,서울특별시 은평구 통일로 842 (불광동),은평구,https://www.daisomall.co.kr/ms/msg/SCR_MSG_0019,2026-09-18
kr-daiso-318851d99b98f8be,다이소,불광역점,서울특별시 은평구 통일로67길 3 (대조동),은평구,https://www.daisomall.co.kr/ms/msg/SCR_MSG_0019,2026-09-18
kr-daiso-406cbb37220fcfb8,다이소,연신내점,서울특별시 은평구 연서로 253 (불광동),은평구,https://www.daisomall.co.kr/ms/msg/SCR_MSG_0019,2026-09-18
kr-daiso-c20651066a0ad8cf,다이소,응암2호점,서울특별시 은평구 응암로 335 (응암동),은평구,https://www.daisomall.co.kr/ms/msg/SCR_MSG_0019,2026-09-18
kr-daiso-4585bd0791beb15c,다이소,응암역점,서울특별시 은평구 은평로 68 (신사동),은평구,https://www.daisomall.co.kr/ms/msg/SCR_MSG_0019,2026-09-18
kr-daiso-625c1f8f5149a9fe,다이소,이마트수색점,"서울특별시 은평구 수색로 217 (수색동, 디엠씨 자이1단지)",은평구,https://www.daisomall.co.kr/ms/msg/SCR_MSG_0019,2026-09-18
kr-daiso-82f6d976692544f4,다이소,경복궁역점,서울특별시 종로구 자하문로2길 4 (적선동),종로구,https://www.daisomall.co.kr/ms/msg/SCR_MSG_0019,2026-09-18
kr-daiso-48de12af6b60b9d4,다이소,대학로점,서울특별시 종로구 대학로 138-2 (혜화동),종로구,https://www.daisomall.co.kr/ms/msg/SCR_MSG_0019,2026-09-18
kr-daiso-26094a7667c42f3a,다이소,동대문점,서울특별시 종로구 율곡로 309 (창신동),종로구,https://www.daisomall.co.kr/ms/msg/SCR_MSG_0019,2026-09-18
kr-daiso-79c6b25760900db2,다이소,동묘점,"서울특별시 종로구 종로 347 (숭인동, 롯데캐슬 천지인)",종로구,https://www.daisomall.co.kr/ms/msg/SCR_MSG_0019,2026-09-18
kr-daiso-adb5fc832275d848,다이소,안국역2호점,서울특별시 종로구 율곡로 45 (안국동),종로구,https://www.daisomall.co.kr/ms/msg/SCR_MSG_0019,2026-09-18
kr-daiso-1b3cdab66c4c473d,다이소,종로본점,서울특별시 종로구 삼일대로 395 (종로2가),종로구,https://www.daisomall.co.kr/ms/msg/SCR_MSG_0019,2026-09-18
kr-daiso-95ace0593fea4ad6,다이소,하나로마트서서울농협사직점,"서울특별시 종로구 사직로8길 4 (사직동, 광화문 스페이스본) 1층",종로구,https://www.daisomall.co.kr/ms/msg/SCR_MSG_0019,2026-09-18
kr-daiso-8553470a1a4356c5,다이소,혜화점,서울특별시 종로구 창경궁로 239 (명륜2가),종로구,https://www.daisomall.co.kr/ms/msg/SCR_MSG_0019,2026-09-18
kr-daiso-e118f803f9b9c3ad,다이소,GS슈퍼종로평창점,"서울특별시 종로구 평창문화로 75 (평창동) 158-1,지하1층",종로구,https://www.daisomall.co.kr/ms/msg/SCR_MSG_0019,2026-09-18
kr-daiso-bf7b6fd2fe4fe19d,다이소,롯데던던동대문점,서울특별시 중구 을지로 264 (을지로6가),중구,https://www.daisomall.co.kr/ms/msg/SCR_MSG_0019,2026-09-18
kr-daiso-07d22c05f6f877e7,다이소,롯데마트서울역점,서울특별시 중구 청파로 426 (봉래동2가),중구,https://www.daisomall.co.kr/ms/msg/SCR_MSG_0019,2026-09-18
kr-daiso-e34d89069b5a2f8d,다이소,명동본점,서울특별시 중구 명동길 43 (명동1가),중구,https://www.daisomall.co.kr/ms/msg/SCR_MSG_0019,2026-09-18
kr-daiso-b87bfc99516b1ee8,다이소,명동역점,서울특별시 중구 퇴계로 134-1(남산동3가),중구,https://www.daisomall.co.kr/ms/msg/SCR_MSG_0019,2026-09-18
kr-daiso-374f8aec2812f538,다이소,서울시청광장점,서울특별시 중구 세종대로 93 (태평로2가),중구,https://www.daisomall.co.kr/ms/msg/SCR_MSG_0019,2026-09-18
kr-daiso-b9bcf95799603fda,다이소,서울역점,서울특별시 중구 한강대로 405(봉래동2가),중구,https://www.daisomall.co.kr/ms/msg/SCR_MSG_0019,2026-09-18
kr-daiso-dec50c2fd6fce646,다이소,현대시티아울렛동대문점,서울특별시 중구 장충단로13길 20 (을지로6가),중구,https://www.daisomall.co.kr/ms/msg/SCR_MSG_0019,2026-09-18
kr-daiso-9b6160eaf9ebf84d,다이소,동부시장점,서울특별시 중랑구 망우로 212 (상봉동),중랑구,https://www.daisomall.co.kr/ms/msg/SCR_MSG_0019,2026-09-18
kr-daiso-146ab7917115a05a,다이소,망우2호점,서울특별시 중랑구 망우로 416 (망우동),중랑구,https://www.daisomall.co.kr/ms/msg/SCR_MSG_0019,2026-09-18
kr-daiso-3d91e699695565b6,다이소,먹골역점,서울특별시 중랑구 동일로 889 (묵동),중랑구,https://www.daisomall.co.kr/ms/msg/SCR_MSG_0019,2026-09-18
kr-daiso-227c652ec8aebfd4,다이소,바다마트신내점,"서울특별시 중랑구 신내로14길 21 (신내동, 동성7차아파트)",중랑구,https://www.daisomall.co.kr/ms/msg/SCR_MSG_0019,2026-09-18
kr-daiso-ba2137bf4e12ebf8,다이소,사가정2호점,서울특별시 중랑구 면목로 290 (면목동),중랑구,https://www.daisomall.co.kr/ms/msg/SCR_MSG_0019,2026-09-18
kr-daiso-3d93852296e33e26,다이소,상봉역점,서울특별시 중랑구 망우로 287 (상봉동),중랑구,https://www.daisomall.co.kr/ms/msg/SCR_MSG_0019,2026-09-18
kr-daiso-255a29fc56b785ac,다이소,이마트묵동점,"서울특별시 중랑구 동일로 932 (묵동, 묵동자이아파트)",중랑구,https://www.daisomall.co.kr/ms/msg/SCR_MSG_0019,2026-09-18
kr-daiso-63e7b8460d1af9ad,다이소,하나로마트동서울농협신내점,서울특별시 중랑구 신내로 74 (신내동) 1층,중랑구,https://www.daisomall.co.kr/ms/msg/SCR_MSG_0019,2026-09-18
kr-daiso-fa8f4f0dbf988b58,다이소,홈플러스상봉점,"서울특별시 중랑구 망우로 353 (상봉동, 상봉 프레미어스 엠코)",중랑구,https://www.daisomall.co.kr/ms/msg/SCR_MSG_0019,2026-09-18
kr-daiso-53a05c5d80f08d31,다이소,홈플러스신내점,서울특별시 중랑구 신내로 201(신내동),중랑구,https://www.daisomall.co.kr/ms/msg/SCR_MSG_0019,2026-09-18
kr-daiso-b727f51da0aba93f,다이소,e에브리데이면목동점,"서울 중랑구 면목로39길 11 (면목동, 카멜리아쇼핑센타)",중랑구,https://www.daisomall.co.kr/ms/msg/SCR_MSG_0019,2026-09-18
